time,high
0,14.569
1,14.908
2,15.173
3,15.149
4,15.228
5,15.408
6,15.634
7,15.552
8,15.448
9,15.463
10,15.588
11,15.594
12,15.515
13,15.408
14,15.546
15,15.811
16,15.884
17,15.887
18,15.811
19,15.591
20,15.35
21,15.295
22,15.295
23,15.375
24,15.466
25,15.601
26,15.704
27,15.808
28,15.823
29,15.967
30,16.116
31,16.101
32,15.948
33,15.796
34,15.738
35,15.842
36,15.964
37,15.918
38,15.793
39,15.823
40,15.991
41,16.022
42,15.909
43,15.82
44,15.799
45,15.625
46,15.408
47,15.298
48,14.987
49,14.508
50,14.359
51,14.694
52,15.238
53,15.695
54,15.942
55,15.924
56,15.491
57,14.789
58,14.239
59,14.041
60,14.093
61,14.23
62,14.41
63,14.468
64,14.301
65,14.154
66,14.209
67,14.551
68,14.92
69,15.07
70,15.018
71,14.944
72,14.947
73,14.981
74,14.889
75,14.706
76,14.441
77,14.148
78,13.803
79,13.446
80,13.174
81,13.159
82,13.333
83,13.403
84,13.245
85,13.007
86,12.878
87,12.903
88,13.04
89,13.278
90,13.553
91,13.8
92,13.937
93,13.937
94,13.888
95,13.852
96,13.873
97,14.078
98,14.304
99,14.459
100,14.725
101,14.712
102,14.563
103,14.148
104,13.971
105,13.892
106,13.852
107,13.373
108,13.229
109,13.22
110,13.29
111,13.36
112,13.586
113,13.611
114,13.559
115,13.748
116,13.934
117,13.904
118,14.078
119,14.102
120,14.209
121,14.236
122,14.548
123,14.59
124,14.703
125,14.743
126,14.819
127,14.688
128,14.609
129,14.624
130,14.636
131,14.526
132,14.392
133,14.337
134,14.386
135,14.383
136,14.368
137,14.575
138,14.825
139,15.002
140,15.1
141,15.137
142,15.005
143,14.944
144,14.886
145,14.899
146,14.886
147,14.917
148,14.941
149,14.972
150,15.045
151,15.131
152,15.137
153,15.152
154,15.201
155,15.259
156,15.271
157,15.244
158,15.167
159,15.109
160,15.067
161,15.082
162,15.128
163,15.204
164,15.298
165,15.405
166,15.417
167,15.488
168,15.662
169,15.845
170,15.906
171,15.869
172,15.836
173,15.933
174,16.119
175,16.223
176,16.235
177,16.11
178,15.796
179,15.598
180,15.61
181,15.598
182,15.598
183,15.457
184,14.99
185,14.795
186,14.761
187,14.474
188,14.3
189,14.331
190,14.352
191,14.346
192,14.2
193,13.94
194,13.754
195,13.748
196,13.797
197,13.73
198,13.577
199,13.357
200,13.144
201,13.04
202,13.083
203,13.269
204,13.556
205,13.742
206,13.696
207,13.495
208,13.238
209,13.089
210,13.223
211,13.58
212,14.011
213,14.246
214,14.355
215,14.358
216,14.304
217,14.215
218,14.096
219,13.965
220,13.84
221,13.769
222,13.702
223,13.638
224,13.58
225,13.583
226,13.712
227,14.017
228,14.444
229,14.761
230,14.948
231,15.32
232,15.964
233,16.617
234,16.998
235,16.977
236,16.589
237,16.022
238,15.375
239,14.709
240,14.023
241,13.287
242,12.555
243,12.008
244,11.923
245,12.363
246,13.062
247,13.681
248,14.032
249,14.181
250,14.31
251,14.462
252,14.642
253,14.77
254,14.767
255,14.563
256,14.227
257,13.879
258,13.653
259,13.623
260,13.815
261,14.175
262,14.496
263,14.639
264,14.569
265,14.365
266,14.181
267,14.139
268,14.203
269,14.349
270,14.484
271,14.56
272,14.548
273,14.447
274,14.307
275,14.133
276,13.962
277,13.769
278,13.565
279,13.379
280,13.226
281,13.119
282,13.08
283,13.08
284,13.104
285,13.126
286,13.165
287,13.205
288,13.22
289,13.202
290,13.144
291,13.064
292,12.952
293,12.826
294,12.732
295,12.649
296,12.604
297,12.579
298,12.543
299,12.494
300,12.442
301,12.402
302,12.378
303,12.396
304,12.436
305,12.5
306,12.567
307,12.619
308,12.686
309,12.738
310,12.79
311,12.836
312,12.86
313,12.866
314,12.86
315,12.875
316,12.9
317,12.927
318,12.927
319,12.903
320,12.875
321,12.866
322,12.848
323,12.802
324,12.753
325,12.717
326,12.655
327,12.567
328,12.472
329,12.43
330,12.411
331,12.417
332,12.43
333,12.417
334,12.411
335,12.402
336,12.393
337,12.421
338,12.448
339,12.488
340,12.543
341,12.607
342,12.668
343,12.674
344,12.649
345,12.57
346,12.457
347,12.366
348,12.295
349,12.244
350,12.189
351,12.146
352,12.118
353,12.088
354,12.018
355,11.944
356,11.883
357,11.85
358,11.828
359,11.816
360,11.85
361,11.92
362,12.021
363,12.115
364,12.161
365,12.179
366,12.186
367,12.24
368,12.32
369,12.408
370,12.417
371,12.381
372,12.338
373,12.302
374,12.295
375,12.286
376,12.256
377,12.231
378,12.234
379,12.256
380,12.283
381,12.344
382,12.463
383,12.61
384,12.781
385,13.245
386,13.544
387,13.73
388,13.58
389,13.562
390,13.565
391,13.919
392,14.3
393,14.548
394,14.697
395,14.691
396,14.612
397,14.676
398,14.713
399,14.74
400,14.786
401,14.835
402,14.85
403,14.874
404,14.862
405,14.804
406,14.712
407,14.7
408,14.706
409,14.734
410,14.737
411,14.728
412,14.725
413,14.673
414,14.636
415,14.596
416,14.514
417,14.398
418,14.288
419,14.169
420,14.075
421,13.995
422,13.892
423,13.785
424,13.718
425,13.681
426,13.666
427,13.635
428,13.605
429,13.562
430,13.531
431,13.492
432,13.431
433,13.388
434,13.391
435,13.443
436,13.504
437,13.534
438,13.522
439,13.44
440,13.281
441,13.086
442,12.884
443,12.753
444,12.71
445,12.738
446,12.802
447,12.897
448,12.958
449,12.967
450,12.924
451,12.833
452,12.741
453,12.668
454,12.598
455,12.521
456,12.46
457,12.399
458,12.35
459,12.314
460,12.256
461,12.17
462,12.073
463,11.996
464,11.954
465,11.92
466,11.877
467,11.841
468,11.771
469,11.706
470,11.679
471,11.636
472,11.539
473,11.456
474,11.389
475,11.279
476,11.224
477,11.203
478,11.032
479,10.898
480,10.785
481,10.449
482,10.187
483,10.016
484,9.863
485,9.762
486,9.686
487,9.601
488,9.491
489,9.369
490,9.25
491,9.097
492,8.978
493,8.899
494,8.841
495,8.795
496,8.752
497,8.713
498,8.703
499,8.716
500,8.716
501,8.688
502,8.63
503,8.529
504,8.42
505,8.328
506,8.255
507,8.206
508,8.114
509,7.983
510,7.849
511,7.699
512,7.531
513,7.412
514,7.364
515,7.382
516,7.342
517,7.214
518,7.068
519,7.028
520,7.04
521,7.055
522,7.116
523,7.315
524,7.58
525,7.745
526,7.724
527,7.611
528,7.556
529,7.58
530,7.666
531,7.754
532,7.815
533,7.858
534,7.913
535,7.995
536,8.124
537,8.301
538,8.383
539,8.288
540,8.041
541,7.727
542,7.516
543,7.51
544,7.638
545,7.696
546,7.547
547,7.284
548,7.132
549,7.171
550,7.217
551,7.107
552,6.933
553,6.888
554,6.918
555,6.936
556,6.964
557,6.967
558,6.997
559,6.988
560,6.854
561,6.64
562,6.5
563,6.46
564,6.408
565,6.207
566,5.905
567,5.652
568,5.438
569,5.188
570,4.876
571,4.59
572,4.406
573,4.318
574,4.33
575,4.431
576,4.599
577,4.776
578,4.852
579,4.934
580,5.084
581,5.236
582,5.325
583,5.279
584,5.075
585,4.815
586,4.541
587,4.266
588,3.964
589,3.723
590,3.555
591,3.351
592,3.167
593,3.07
594,2.941
595,2.713
596,2.471
597,2.246
598,2.139
599,2.084
600,1.879
601,1.629
602,1.522
603,1.449
604,1.406
605,1.358
606,1.187
607,1.028
608,0.93
609,0.814
610,0.598
611,0.39
612,0.296
613,0.344
614,0.561
615,0.747
616,0.869
617,1.031
618,1.269
619,1.519
620,1.702
621,1.849
622,1.98
623,2.066
624,2.188
625,2.325
626,2.398
627,2.612
628,2.893
629,3.07
630,3.216
631,3.588
632,3.939
633,4.193
634,4.446
635,4.647
636,4.892
637,5.185
638,5.27
639,5.371
640,5.575
641,5.691
642,5.865
643,6.03
644,6.155
645,6.375
646,6.579
647,6.796
648,7.065
649,7.217
650,7.318
651,7.333
652,7.431
653,7.596
654,7.736
655,7.763
656,7.828
657,7.931
658,8.078
659,8.188
660,8.392
661,8.609
662,8.679
663,8.688
664,8.722
665,8.764
666,8.829
667,8.902
668,8.932
669,8.954
670,8.948
671,9.036
672,9.192
673,9.176
674,9.18
675,9.231
676,9.302
677,9.21
678,9.216
679,9.122
680,9.128
681,9.186
682,9.268
683,9.5
684,9.14
685,8.652
686,8.346
687,8.139
688,7.98
689,7.834
690,7.837
691,7.983
692,8.001
693,7.965
694,7.947
695,7.913
696,7.916
697,8.032
698,7.995
699,7.937
700,7.974
701,8.093
702,8.224
703,8.343
704,8.337
705,8.328
706,8.404
707,8.481
708,8.462
709,8.468
710,8.395
711,8.371
712,8.42
713,8.444
714,8.496
715,8.542
716,8.523
717,8.475
718,8.468
719,8.478
720,8.462
721,8.481
722,8.523
723,8.557
724,8.606
725,8.682
726,8.719
727,8.777
728,8.826
729,8.923
730,9.003
731,8.984
732,8.978
733,8.969
734,8.951
735,8.948
736,8.978
737,9.018
738,9.045
739,9.045
740,9.045
741,9.076
742,9.106
743,9.128
744,9.152
745,9.134
746,9.106
747,9.115
748,9.109
749,9.085
750,9.088
751,9.048
752,9.027
753,9.073
754,9.134
755,9.164
756,9.097
757,8.85
758,8.81
759,8.865
760,9.118
761,9.302
762,9.442
763,9.433
764,9.402
765,9.338
766,9.36
767,9.424
768,9.527
769,9.707
770,9.86
771,10.013
772,10.248
773,10.443
774,10.608
775,10.77
776,10.901
777,10.937
778,10.971
779,11.02
780,11.038
781,11.026
782,10.968
783,11.026
784,11.038
785,11.047
786,11.081
787,11.169
788,11.279
789,11.297
790,11.267
791,11.212
792,11.233
793,11.297
794,11.2
795,11.001
796,10.937
797,11.017
798,10.962
799,10.931
800,11.166
801,11.499
802,11.783
803,11.996
804,12.115
805,12.201
806,12.393
807,12.469
808,12.433
809,12.469
810,12.567
811,12.479
812,12.372
813,12.381
814,12.271
815,11.92
816,11.673
817,11.505
818,11.532
819,11.664
820,11.652
821,11.676
822,11.664
823,11.471
824,11.38
825,11.334
826,11.362
827,11.297
828,11.111
829,11.084
830,11.151
831,11.166
832,10.986
833,10.831
834,10.73
835,10.721
836,10.8
837,10.824
838,10.824
839,10.815
840,10.699
841,10.379
842,10.187
843,10.089
844,10.199
845,10.242
846,10.153
847,10.055
848,10.15
849,10.318
850,10.593
851,10.635
852,10.666
853,10.858
854,11.063
855,11.148
856,11.145
857,11.157
858,11.307
859,11.365
860,11.346
861,11.313
862,11.386
863,11.447
864,11.539
865,11.548
866,11.557
867,11.499
868,11.517
869,11.551
870,11.52
871,11.572
872,11.587
873,11.618
874,11.536
875,11.407
876,11.313
877,11.236
878,11.175
879,11.139
880,11.13
881,11.182
882,11.249
883,11.389
884,11.548
885,11.697
886,11.847
887,11.96
888,12.042
889,12.07
890,12.128
891,12.241
892,12.433
893,12.601
894,12.802
895,12.985
896,13.156
897,13.321
898,13.394
899,13.425
900,13.44
901,13.367
902,13.336
903,13.354
904,13.318
905,13.345
906,13.266
907,13.248
908,13.351
909,13.394
910,13.397
911,13.379
912,13.342
913,13.251
914,13.122
915,13.068
916,13.074
917,13.153
918,13.26
919,13.357
920,13.531
921,13.748
922,13.879
923,13.91
924,13.898
925,13.843
926,13.873
927,13.986
928,14.102
929,14.206
930,14.249
931,14.246
932,14.23
933,14.203
934,14.117
935,14.075
936,14.041
937,14.023
938,14.035
939,14.072
940,14.041
941,13.956
942,13.876
943,13.821
944,13.766
945,13.724
946,13.684
947,13.66
948,13.666
949,13.681
950,13.653
951,13.583
952,13.492
953,13.394
954,13.29
955,13.196
956,13.141
957,13.119
958,13.086
959,13.031
960,12.991
961,12.848
962,12.689
963,12.503
964,12.176
965,11.883
966,11.612
967,11.505
968,11.371
969,11.233
970,11.178
971,11.157
972,11.017
973,10.553
974,10.458
975,10.303
976,10.101
977,9.836
978,9.387
979,8.984
980,8.722
981,8.532
982,8.453
983,8.267
984,8.12
985,8.13
986,8.008
987,7.834
988,7.709
989,7.486
990,7.309
991,7.242
992,7.196
993,7.181
994,7.171
995,7.11
996,7.016
997,6.921
998,6.802
999,6.698
1000,6.619
1001,6.543
1002,6.503
1003,6.472
1004,6.43
1005,6.341
1006,6.234
1007,6.14
1008,6.094
1009,6.076
1010,6.076
1011,6.054
1012,6.036
1013,6.027
1014,6.018
1015,6.03
1016,6.054
1017,6.076
1018,6.079
1019,6.036
1020,5.987
1021,5.987
1022,5.981
1023,5.978
1024,5.963
1025,5.92
1026,5.859
1027,5.789
1028,5.755
1029,5.743
1030,5.722
1031,5.685
1032,5.648
1033,5.594
1034,5.505
1035,5.413
1036,5.325
1037,5.258
1038,5.197
1039,5.145
1040,5.124
1041,5.099
1042,5.114
1043,5.166
1044,5.102
1045,5.108
1046,5.182
1047,5.227
1048,5.282
1049,5.334
1050,5.398
1051,5.493
1052,5.615
1053,5.768
1054,5.923
1055,6.109
1056,6.369
1057,6.704
1058,7.028
1059,7.269
1060,7.4
1061,7.47
1062,7.574
1063,7.754
1064,8.014
1065,8.304
1066,8.56
1067,8.749
1068,8.877
1069,8.957
1070,8.987
1071,9.033
1072,9.14
1073,9.311
1074,9.503
1075,9.68
1076,9.799
1077,9.854
1078,9.878
1079,9.952
1080,10.083
1081,10.211
1082,10.312
1083,10.376
1084,10.455
1085,10.55
1086,10.657
1087,10.773
1088,10.91
1089,11.008
1090,11.072
1091,11.145
1092,11.227
1093,11.282
1094,11.297
1095,11.316
1096,11.352
1097,11.395
1098,11.456
1099,11.539
1100,11.63
1101,11.703
1102,11.767
1103,11.85
1104,11.96
1105,12.1
1106,12.241
1107,12.381
1108,12.479
1109,12.561
1110,12.573
1111,12.591
1112,12.598
1113,12.579
1114,12.534
1115,12.53
1116,12.543
1117,12.537
1118,12.549
1119,12.555
1120,12.555
1121,12.53
1122,12.53
1123,12.534
1124,12.527
1125,12.524
1126,12.485
1127,12.442
1128,12.424
1129,12.436
1130,12.479
1131,12.5
1132,12.5
1133,12.488
1134,12.497
1135,12.546
1136,12.616
1137,12.665
1138,12.689
1139,12.68
1140,12.649
1141,12.613
1142,12.57
1143,12.524
1144,12.491
1145,12.479
1146,12.485
1147,12.518
1148,12.558
1149,12.598
1150,12.595
1151,12.576
1152,12.57
1153,12.576
1154,12.579
1155,12.585
1156,12.598
1157,12.598
1158,12.598
1159,12.604
1160,12.607
1161,12.549
1162,12.485
1163,12.436
1164,12.408
1165,12.408
1166,12.402
1167,12.418
1168,12.436
1169,12.466
1170,12.485
1171,12.482
1172,12.457
1173,12.396
1174,12.363
1175,12.338
1176,12.326
1177,12.302
1178,12.28
1179,12.256
1180,12.198
1181,12.183
1182,12.161
1183,12.115
1184,12.048
1185,11.969
1186,11.914
1187,11.887
1188,11.85
1189,11.798
1190,11.743
1191,11.694
1192,11.652
1193,11.633
1194,11.624
1195,11.615
1196,11.612
1197,11.581
1198,11.545
1199,11.545
1200,11.569
1201,11.584
1202,11.584
1203,11.569
1204,11.526
1205,11.49
1206,11.471
1207,11.478
1208,11.478
1209,11.462
1210,11.459
1211,11.456
1212,11.447
1213,11.417
1214,11.38
1215,11.294
1216,11.236
1217,11.194
1218,11.163
1219,11.157
1220,11.145
1221,11.157
1222,11.191
1223,11.227
1224,11.261
1225,11.294
1226,11.291
1227,11.255
1228,11.191
1229,11.096
1230,10.953
1231,10.757
1232,10.553
1233,10.422
1234,10.391
1235,10.422
1236,10.464
1237,10.467
1238,10.419
1239,10.358
1240,10.33
1241,10.327
1242,10.33
1243,10.342
1244,10.376
1245,10.446
1246,10.513
1247,10.55
1248,10.626
1249,10.675
1250,10.647
1251,10.559
1252,10.382
1253,10.223
1254,10.144
1255,9.903
1256,9.695
1257,9.592
1258,9.18
1259,8.99
1260,8.926
1261,8.893
1262,8.899
1263,8.822
1264,8.935
1265,8.984
1266,8.963
1267,8.777
1268,8.575
1269,8.432
1270,8.111
1271,8.044
1272,8.096
1273,8.157
1274,8.081
1275,7.992
1276,7.901
1277,7.773
1278,7.623
1279,7.44
1280,7.211
1281,7.025
1282,6.836
1283,6.814
1284,6.891
1285,6.784
1286,6.705
1287,6.705
1288,6.64
1289,6.585
1290,6.515
1291,6.494
1292,6.393
1293,6.25
1294,6.039
1295,6.018
1296,5.981
1297,5.972
1298,5.984
1299,6.039
1300,6.088
1301,6.097
1302,6.195
1303,6.408
1304,6.619
1305,6.692
1306,6.823
1307,6.848
1308,6.915
1309,7.153
1310,7.281
1311,7.455
1312,7.596
1313,7.663
1314,7.69
1315,7.769
1316,7.794
1317,7.818
1318,8.001
1319,8.148
1320,8.203
1321,8.084
1322,8.313
1323,8.417
1324,8.23
1325,8.243
1326,8.285
1327,8.407
1328,8.475
1329,8.575
1330,8.746
1331,8.862
1332,8.883
1333,8.963
1334,9.054
1335,9.21
1336,9.457
1337,9.683
1338,9.833
1339,10.007
1340,10.159
1341,10.269
1342,10.37
1343,10.4
1344,10.452
1345,10.66
1346,10.925
1347,11.13
1348,11.346
1349,11.548
1350,11.706
1351,11.862
1352,12.03
1353,12.137
1354,12.176
1355,12.317
1356,12.546
1357,12.723
1358,12.9
1359,13.055
1360,13.177
1361,13.263
1362,13.354
1363,13.354
1364,13.315
1365,13.19
1366,13.031
1367,12.93
1368,12.869
1369,12.897
1370,12.964
1371,13.058
1372,13.104
1373,13.205
1374,13.293
1375,13.345
1376,13.415
1377,13.544
1378,13.678
1379,13.794
1380,13.879
1381,13.876
1382,13.794
1383,13.696
1384,13.626
1385,13.544
1386,13.486
1387,13.489
1388,13.489
1389,13.467
1390,13.397
1391,13.391
1392,13.44
1393,13.516
1394,13.599
1395,13.632
1396,13.675
1397,13.745
1398,13.763
1399,13.687
1400,13.617
1401,13.596
1402,13.574
1403,13.541
1404,13.461
1405,13.409
1406,13.412
1407,13.409
1408,13.361
1409,13.309
1410,13.205
1411,13.15
1412,13.098
1413,13.059
1414,13.077
1415,13.11
1416,13.147
1417,13.171
1418,13.242
1419,13.287
1420,13.272
1421,13.239
1422,13.211
1423,13.193
1424,13.22
1425,13.297
1426,13.351
1427,13.382
1428,13.397
1429,13.361
1430,13.235
1431,13.068
1432,12.891
1433,12.753
1434,12.704
1435,12.796
1436,12.997
1437,13.205
1438,13.33
1439,13.397
1440,13.419
1441,13.406
1442,13.33
1443,13.184
1444,12.97
1445,12.726
1446,12.509
1447,12.363
1448,12.323
1449,12.292
1450,12.335
1451,12.375
1452,12.369
1453,12.32
1454,12.305
1455,12.305
1456,12.347
1457,12.381
1458,12.393
1459,12.375
1460,12.256
1461,12.045
1462,11.804
1463,11.578
1464,11.392
1465,11.27
1466,11.172
1467,11.063
1468,10.937
1469,10.788
1470,10.629
1471,10.519
1472,10.382
1473,10.187
1474,10.016
1475,9.808
1476,9.582
1477,9.378
1478,9.073
1479,8.655
1480,8.331
1481,8.13
1482,8.084
1483,8.227
1484,8.401
1485,8.432
1486,8.346
1487,8.169
1488,7.937
1489,7.678
1490,7.431
1491,7.235
1492,7.077
1493,6.921
1494,6.811
1495,6.799
1496,6.836
1497,6.845
1498,6.753
1499,6.662
1500,6.646
1501,6.607
1502,6.43
1503,6.253
1504,6.161
1505,6.115
1506,6.054
1507,6.009
1508,6.039
1509,6.112
1510,6.204
1511,6.234
1512,6.115
1513,5.899
1514,5.67
1515,5.435
1516,5.206
1517,4.956
1518,4.678
1519,4.379
1520,4.168
1521,4.116
1522,4.156
1523,4.126
1524,4.007
1525,3.964
1526,3.866
1527,3.668
1528,3.524
1529,3.543
1530,3.646
1531,3.738
1532,3.839
1533,4.016
1534,4.083
1535,4.113
1536,4.22
1537,4.422
1538,4.705
1539,5.038
1540,5.438
1541,5.746
1542,5.954
1543,6.131
1544,6.32
1545,6.485
1546,6.43
1547,6.436
1548,6.469
1549,6.613
1550,6.802
1551,7.004
1552,7.312
1553,7.467
1554,7.409
1555,7.306
1556,7.266
1557,7.26
1558,7.123
1559,6.939
1560,6.839
1561,6.543
1562,6.238
1563,5.954
1564,5.725
1565,5.609
1566,5.594
1567,5.642
1568,5.664
1569,5.7
1570,5.768
1571,5.819
1572,5.957
1573,6.112
1574,6.158
1575,6.244
1576,6.372
1577,6.494
1578,6.61
1579,6.622
1580,6.57
1581,6.561
1582,6.604
1583,6.668
1584,6.82
1585,7.025
1586,7.15
1587,7.171
1588,7.171
1589,7.196
1590,7.229
1591,7.245
1592,7.278
1593,7.281
1594,7.284
1595,7.336
1596,7.422
1597,7.467
1598,7.367
1599,7.251
1600,7.165
1601,7.141
1602,7.095
1603,7.025
1604,6.875
1605,6.793
1606,6.805
1607,6.784
1608,6.646
1609,6.457
1610,6.323
1611,6.326
1612,6.674
1613,7.013
1614,7.33
1615,7.464
1616,7.58
1617,7.568
1618,7.464
1619,7.379
1620,7.315
1621,7.257
1622,7.19
1623,7.144
1624,7.162
1625,7.205
1626,7.235
1627,7.251
1628,7.251
1629,7.303
1630,7.394
1631,7.486
1632,7.55
1633,7.626
1634,7.745
1635,7.895
1636,8.121
1637,8.423
1638,8.783
1639,9.125
1640,9.445
1641,9.72
1642,9.976
1643,10.119
1644,10.18
1645,10.211
1646,10.235
1647,10.269
1648,10.315
1649,10.318
1650,10.287
1651,10.299
1652,10.315
1653,10.345
1654,10.379
1655,10.434
1656,10.51
1657,10.608
1658,10.684
1659,10.715
1660,10.733
1661,10.739
1662,10.739
1663,10.696
1664,10.605
1665,10.464
1666,10.4
1667,10.513
1668,10.864
1669,11.194
1670,11.261
1671,11.203
1672,11.218
1673,11.42
1674,11.737
1675,12.024
1676,12.32
1677,12.622
1678,12.811
1679,12.845
1680,12.753
1681,12.662
1682,12.54
1683,12.372
1684,12.283
1685,12.32
1686,12.491
1687,12.744
1688,12.979
1689,13.15
1690,13.235
1691,13.275
1692,13.257
1693,13.211
1694,13.168
1695,13.156
1696,13.18
1697,13.272
1698,13.4
1699,13.516
1700,13.626
1701,13.653
1702,13.663
1703,13.669
1704,13.599
1705,13.553
1706,13.504
1707,13.489
1708,13.403
1709,13.327
1710,13.315
1711,13.345
1712,13.385
1713,13.443
1714,13.48
1715,13.486
1716,13.528
1717,13.589
1718,13.589
1719,13.58
1720,13.596
1721,13.632
1722,13.611
1723,13.55
1724,13.498
1725,13.446
1726,13.382
1727,13.306
1728,13.19
1729,13.019
1730,12.9
1731,12.802
1732,12.796
1733,12.784
1734,12.775
1735,12.768
1736,12.775
1737,12.762
1738,12.747
1739,12.732
1740,12.747
1741,12.72
1742,12.695
1743,12.677
1744,12.653
1745,12.622
1746,12.598
1747,12.57
1748,12.503
1749,12.405
1750,12.329
1751,12.21
1752,12.128
1753,12.057
1754,11.999
1755,11.945
1756,11.908
1757,11.887
1758,11.838
1759,11.771
1760,11.728
1761,11.709
1762,11.706
1763,11.7
1764,11.67
1765,11.63
1766,11.572
1767,11.532
1768,11.502
1769,11.468
1770,11.42
1771,11.38
1772,11.349
1773,11.282
1774,11.203
1775,11.117
1776,11.032
1777,10.956
1778,10.87
1779,10.806
1780,10.715
1781,10.654
1782,10.586
1783,10.513
1784,10.443
1785,10.364
1786,10.272
1787,10.205
1788,10.184
1789,10.165
1790,10.138
1791,10.095
1792,10.025
1793,9.93
1794,9.842
1795,9.762
1796,9.698
1797,9.649
1798,9.619
1799,9.607
1800,9.588
1801,9.534
1802,9.476
1803,9.442
1804,9.411
1805,9.408
1806,9.415
1807,9.375
1808,9.308
1809,9.21
1810,9.085
1811,8.975
1812,8.926
1813,8.966
1814,8.975
1815,8.92
1816,8.819
1817,8.737
1818,8.697
1819,8.676
1820,8.688
1821,8.703
1822,8.722
1823,8.731
1824,8.731
1825,8.658
1826,8.532
1827,8.362
1828,7.907
1829,7.699
1830,7.547
1831,7.33
1832,7.174
1833,7.068
1834,6.805
1835,6.753
1836,6.546
1837,5.969
1838,5.566
1839,5.288
1840,5.056
1841,4.928
1842,4.818
1843,4.742
1844,4.66
1845,4.635
1846,4.611
1847,4.547
1848,4.507
1849,4.446
1850,4.296
1851,4.156
1852,4.107
1853,4.092
1854,4.065
1855,4.034
1856,4.007
1857,4.025
1858,4.049
1859,4.007
1860,3.955
1861,3.964
1862,3.988
1863,3.97
1864,3.924
1865,3.927
1866,3.994
1867,4.08
1868,4.123
1869,4.101
1870,4.025
1871,3.933
1872,3.878
1873,3.86
1874,3.866
1875,3.897
1876,3.973
1877,4.04
1878,4.031
1879,3.976
1880,3.924
1881,3.891
1882,3.875
1883,3.875
1884,3.878
1885,3.888
1886,3.906
1887,3.939
1888,3.973
1889,3.997
1890,4.004
1891,3.997
1892,3.973
1893,3.946
1894,3.909
1895,3.885
1896,3.885
1897,3.903
1898,3.906
1899,3.863
1900,3.781
1901,3.683
1902,3.595
1903,3.521
1904,3.445
1905,3.384
1906,3.354
1907,3.332
1908,3.347
1909,3.384
1910,3.387
1911,3.357
1912,3.332
1913,3.305
1914,3.262
1915,3.222
1916,3.192
1917,3.195
1918,3.228
1919,3.28
1920,3.317
1921,3.332
1922,3.366
1923,3.421
1924,3.503
1925,3.601
1926,3.695
1927,3.772
1928,3.82
1929,3.848
1930,3.869
1931,3.906
1932,3.967
1933,4.043
1934,4.098
1935,4.147
1936,4.208
1937,4.284
1938,4.351
1939,4.416
1940,4.464
1941,4.489
1942,4.51
1943,4.541
1944,4.568
1945,4.623
1946,4.739
1947,4.855
1948,4.983
1949,5.111
1950,5.252
1951,5.377
1952,5.468
1953,5.508
1954,5.484
1955,5.383
1956,5.218
1957,5.02
1958,4.828
1959,4.663
1960,4.501
1961,4.348
1962,4.239
1963,4.181
1964,4.153
1965,4.123
1966,4.052
1967,4.037
1968,4.089
1969,4.135
1970,4.165
1971,4.202
1972,4.248
1973,4.287
1974,4.315
1975,4.321
1976,4.306
1977,4.281
1978,4.245
1979,4.178
1980,4.107
1981,4.055
1982,4.019
1983,3.994
1984,3.973
1985,3.964
1986,3.976
1987,3.982
1988,3.97
1989,3.921
1990,3.845
1991,3.75
1992,3.628
1993,3.436
1994,3.176
1995,2.948
1996,2.786
1997,2.667
1998,2.578
1999,2.526
2000,2.502
2001,2.505
2002,2.511
2003,2.52
2004,2.526
2005,2.523
2006,2.511
2007,2.514
2008,2.52
2009,2.514
2010,2.511
2011,2.508
2012,2.49
2013,2.465
2014,2.441
2015,2.423
2016,2.423
2017,2.426
2018,2.423
2019,2.429
2020,2.447
2021,2.475
2022,2.505
2023,2.542
2024,2.584
2025,2.63
2026,2.676
2027,2.703
2028,2.71
2029,2.713
2030,2.719
2031,2.731
2032,2.746
2033,2.758
2034,2.789
2035,2.816
2036,2.829
2037,2.835
2038,2.807
2039,2.774
2040,2.731
2041,2.691
2042,2.658
2043,2.645
2044,2.642
2045,2.624
2046,2.6
2047,2.563
2048,2.52
2049,2.478
2050,2.417
2051,2.356
2052,2.307
2053,2.264
2054,2.237
2055,2.215
2056,2.188
2057,2.148
2058,2.108
2059,2.084
2060,2.084
2061,2.111
2062,2.157
2063,2.218
2064,2.267
2065,2.301
2066,2.295
2067,2.261
2068,2.215
2069,2.191
2070,2.188
2071,2.194
2072,2.182
2073,2.188
2074,2.209
2075,2.224
2076,2.23
2077,2.218
2078,2.197
2079,2.188
2080,2.197
2081,2.215
2082,2.24
2083,2.243
2084,2.233
2085,2.24
2086,2.252
2087,2.258
2088,2.227
2089,2.163
2090,2.139
2091,2.145
2092,2.175
2093,2.194
2094,2.197
2095,2.16
2096,2.124
2097,2.093
2098,2.047
2099,1.992
2100,1.934
2101,1.879
2102,1.828
2103,1.8
2104,1.782
2105,1.779
2106,1.803
2107,1.831
2108,1.867
2109,1.895
2110,1.907
2111,1.895
2112,1.84
2113,1.785
2114,1.748
2115,1.733
2116,1.693
2117,1.666
2118,1.678
2119,1.654
2120,1.599
2121,1.516
2122,1.431
2123,1.397
2124,1.388
2125,1.358
2126,1.315
2127,1.266
2128,1.199
2129,1.089
2130,0.967
2131,0.885
2132,0.86
2133,0.833
2134,0.817
2135,0.799
2136,0.769
2137,0.704
2138,0.631
2139,0.57
2140,0.531
2141,0.503
2142,0.506
2143,0.531
2144,0.54
2145,0.558
2146,0.592
2147,0.631
2148,0.671
2149,0.692
2150,0.723
2151,0.759
2152,0.805
2153,0.869
2154,0.9
2155,0.891
2156,0.851
2157,0.802
2158,0.744
2159,0.677
2160,0.647
2161,0.628
2162,0.589
2163,0.546
2164,0.543
2165,0.567
2166,0.585
2167,0.601
2168,0.616
2169,0.61
2170,0.592
2171,0.585
2172,0.592
2173,0.589
2174,0.598
2175,0.625
2176,0.634
2177,0.628
2178,0.607
2179,0.595
2180,0.57
2181,0.537
2182,0.491
2183,0.451
2184,0.43
2185,0.415
2186,0.402
2187,0.396
2188,0.393
2189,0.39
2190,0.399
2191,0.418
2192,0.445
2193,0.457
2194,0.47
2195,0.46
2196,0.433
2197,0.421
2198,0.408
2199,0.39
2200,0.36
2201,0.326
2202,0.314
2203,0.317
2204,0.32
2205,0.326
2206,0.366
2207,0.415
2208,0.448
2209,0.43
2210,0.354
2211,0.299
2212,0.271
2213,0.207
2214,0.21
2215,0.262
2216,0.28
2217,0.326
2218,0.372
2219,0.384
2220,0.433
2221,0.582
2222,0.735
2223,0.79
2224,0.772
2225,0.723
2226,0.656
2227,0.61
2228,0.622
2229,0.656
2230,0.662
2231,0.72
2232,0.851
2233,0.967
2234,0.988
2235,0.982
2236,1.046
2237,1.181
2238,1.263
2239,1.306
2240,1.315
2241,1.284
2242,1.248
2243,1.223
2244,1.19
2245,1.123
2246,1.098
2247,1.135
2248,1.184
2249,1.287
2250,1.406
2251,1.422
2252,1.351
2253,1.358
2254,1.449
2255,1.446
2256,1.437
2257,1.504
2258,1.55
2259,1.544
2260,1.605
2261,1.73
2262,1.934
2263,2.117
2264,2.221
2265,2.337
2266,2.465
2267,2.523
2268,2.554
2269,2.551
2270,2.529
2271,2.514
2272,2.545
2273,2.618
2274,2.664
2275,2.7
